Player,Team,Gms,Rec,Yds,Avg,YPG,Lg,TD,FD,Tar,YAC
Ameer AbdullahA. Abdullah,LV,5,7,23,3.29,4.6,10,0,1,7,51
De'Von AchaneD. Achane,MIA,5,21,186,8.86,37.2,39,1,8,23,207
Davante AdamsD. Adams,LV,3,18,209,11.61,69.7,30,1,10,27,45
Jordan AddisonJ. Addison,MIN,3,9,143,15.89,47.7,29t,1,6,16,3
Nate AdkinsN. Adkins,DEN,5,3,14,4.67,2.8,8,0,0,4,7
Nelson AgholorN. Agholor,BAL,5,6,89,14.83,17.8,56,0,3,12,56
Brandon AiyukB. Aiyuk,SF,6,23,351,15.26,58.5,53,0,18,41,101
Cam AkersC. Akers,HOU,4,4,16,4.00,4.0,8t,1,1,7,11
Jordan AkinsJ. Akins,CLE,5,12,98,8.17,19.6,13,1,5,17,52
Mo Alie-CoxM. Alie-Cox,IND,5,3,59,19.67,11.8,22,1,3,7,18
Braelon AllenB. Allen,NYJ,5,8,72,9.00,14.4,15,1,4,11,72
Davis AllenD. Allen,LA,3,0,0,0.00,0.0,0,0,0,2,0
Keenan AllenK. Allen,CHI,3,10,81,8.10,27.0,19,0,4,20,39
Erick AllE. All,CIN,5,14,92,6.57,18.4,19,0,5,14,62
Tyler AllgeierT. Allgeier,ATL,5,6,45,7.50,9.0,13,0,2,6,47
Robbie ChosenR. Chosen,MIA,2,1,5,5.00,2.5,5,0,0,4,1
Mark AndrewsM. Andrews,BAL,5,10,120,12.00,24.0,27,0,8,14,35
Chatarius AtwellC. Atwell,LA,5,17,281,16.53,56.2,50,0,12,25,49
Calvin AustinC. Austin,PIT,5,8,131,16.38,26.2,55t,1,4,12,63
Tyler BadieT. Badie,DEN,3,3,-2,-0.67,-0.7,2,0,0,3,4
Saquon BarkleyS. Barkley,PHI,4,12,85,7.08,21.2,27,1,5,15,64
AJ BarnerA. Barner,SEA,6,7,66,9.43,11.0,18,1,6,7,43
Rashod BatemanR. Bateman,BAL,5,13,202,15.54,40.4,38,2,10,22,45
John BatesJ. Bates,WAS,5,2,14,7.00,2.8,9,0,0,3,6
Odell Beckham Jr.O. Beckham,MIA,1,0,0,0.00,0.0,0,0,0,1,0
David BellD. Bell,CLE,1,3,27,9.00,27.0,12,0,1,3,8
Daniel BellingerD. Bellinger,NYG,5,2,20,10.00,4.0,17,0,1,2,1
Ronnie BellR. Bell,SF,5,1,12,12.00,2.4,12,0,1,3,-3
Trey BensonT. Benson,ARI,4,2,12,6.00,3.0,7,0,0,2,22
Braxton BerriosB. Berrios,MIA,5,0,0,0.00,0.0,0,0,0,4,0
Cartavious BigsbyC. Bigsby,JAX,5,1,28,28.00,5.6,28,0,1,1,31
Jake BoboJ. Bobo,SEA,6,8,66,8.25,11.0,11,0,4,10,18
Kendrick BourneK. Bourne,NE,1,1,6,6.00,6.0,6,0,0,1,8
Kayshon BoutteK. Boutte,NE,3,4,47,11.75,15.7,21,0,3,5,9
Brock BowersB. Bowers,LV,5,28,313,11.18,62.6,57t,1,15,36,161
Tyler BoydT. Boyd,TEN,4,10,108,10.80,27.0,27,0,6,16,43
Jake BrendelJ. Brendel,SF,6,0,2,0.00,0.3,2,0,0,0,2
Jalen BrooksJ. Brooks,DAL,5,4,62,15.50,12.4,24,0,3,8,24
A.J. BrownA. Brown,PHI,1,5,119,23.80,119.0,67t,1,5,10,65
Chase BrownC. Brown,CIN,5,10,39,3.90,7.8,8,1,2,12,32
Dyami BrownD. Brown,WAS,5,7,94,13.43,18.8,41t,1,4,9,46
Noah BrownN. Brown,WAS,3,9,111,12.33,37.0,34,0,6,10,29
Pharaoh BrownP. Brown,SEA,4,3,19,6.33,4.8,9,0,0,5,11
Harrison BryantH. Bryant,LV,5,2,21,10.50,4.2,14,0,1,3,17
Treylon BurksT. Burks,TEN,4,3,24,8.00,6.0,13,0,2,7,5
Jermaine BurtonJ. Burton,CIN,5,1,47,47.00,9.4,47,0,1,2,7
Michael BurtonM. Burton,DEN,5,4,12,3.00,2.4,5,0,0,4,6
Grant CalcaterraG. Calcaterra,PHI,4,4,56,14.00,14.0,26,0,4,5,21
Parris CampbellP. Campbell,PHI,3,6,30,5.00,10.0,7,1,1,6,9
DeAndre CarterD. Carter,CHI,5,7,60,8.57,12.0,14,0,3,12,31
Ty ChandlerT. Chandler,MIN,5,6,42,7.00,8.4,10,0,2,6,53
Zach CharbonnetZ. Charbonnet,SEA,6,19,149,7.84,24.8,30t,1,2,23,143
Ja'Marr ChaseJ. Chase,CIN,5,29,493,17.00,98.6,70t,5,20,36,233
Jalen CokerJ. Coker,CAR,2,4,68,17.00,34.0,31,0,4,5,31
Keon ColemanK. Coleman,BUF,5,9,175,19.44,35.0,49t,2,6,16,62
Nico CollinsN. Collins,HOU,5,32,567,17.72,113.4,67t,3,27,45,195
Tyler ConklinT. Conklin,NYJ,5,17,181,10.65,36.2,25,0,8,27,93
Chris ConleyC. Conley,SF,5,1,4,4.00,0.8,4,0,0,3,0
James ConnerJ. Conner,ARI,5,8,66,8.25,13.2,22,0,2,10,87
Tanner ConnerT. Conner,MIA,5,3,16,5.33,3.2,11,0,1,4,5
James CookJ. Cook,BUF,5,11,123,11.18,24.6,25,1,6,13,113
Brandin CooksB. Cooks,DAL,4,9,91,10.11,22.8,21t,1,6,19,16
Amari CooperA. Cooper,CLE,5,20,208,10.40,41.6,24t,2,10,47,42
Malachi CorleyM. Corley,NYJ,3,1,4,4.00,1.3,4,0,0,1,5
Blake CorumB. Corum,LA,5,1,8,8.00,1.6,8,0,0,1,14
Britain CoveyB. Covey,PHI,3,7,34,4.86,11.3,11,0,2,7,28
Jamison CrowderJ. Crowder,WAS,2,1,5,5.00,2.5,5,0,0,1,8
Gabriel DavisG. Davis,JAX,5,12,159,13.25,31.8,22,0,7,25,27
Re'Mahn DavisR. Davis,BUF,5,4,18,4.50,3.6,14,0,1,5,29
Josiah DeguaraJ. Deguara,JAX,3,2,10,5.00,3.3,8,0,0,2,10
Nathaniel DellN. Dell,HOU,4,13,137,10.54,34.2,23,0,6,21,51
Emari DemercadoE. Demercado,ARI,5,4,26,6.50,5.2,24,0,1,4,28
Stefon DiggsS. Diggs,HOU,5,31,315,10.16,63.0,28,2,19,41,141
Will DisslyW. Dissly,LAC,4,9,85,9.44,21.2,22,0,5,10,73
J.K. DobbinsJ. Dobbins,LAC,4,10,44,4.40,11.0,14,0,2,11,63
Greg DortchG. Dortch,ARI,5,16,138,8.63,27.6,14,0,7,22,93
Jahan DotsonJ. Dotson,PHI,4,5,25,5.00,6.2,7,0,2,9,24
Romeo DoubsR. Doubs,GB,4,12,169,14.08,42.2,39,0,9,20,27
Demario DouglasD. Douglas,NE,5,18,153,8.50,30.6,22,0,8,24,61
Rico DowdleR. Dowdle,DAL,5,11,101,9.18,20.2,22t,2,4,14,79
Josh DownsJ. Downs,IND,3,20,173,8.65,57.7,25,1,11,26,68
Grant DuBoseG. DuBose,MIA,2,1,13,13.00,6.5,13,0,1,3,0
Greg DulcichG. Dulcich,DEN,4,5,28,5.60,7.0,9,0,0,12,15
Ashton DulinA. Dulin,IND,5,2,67,33.50,13.4,54t,1,2,4,43
Payne DurhamP. Durham,TB,5,1,8,8.00,1.6,8,0,0,1,6
Devin DuvernayD. Duvernay,JAX,5,1,-1,-1.00,-0.2,-1,0,0,1,2
Gus EdwardsG. Edwards,LAC,4,1,2,2.00,0.5,2,0,0,1,4
Austin EkelerA. Ekeler,WAS,4,11,151,13.73,37.8,33,0,7,11,173
Ezekiel ElliottE. Elliott,DAL,5,6,36,6.00,7.2,15,0,2,9,57
Evan EngramE. Engram,JAX,1,1,5,5.00,5.0,5,0,0,4,1
Zach ErtzZ. Ertz,WAS,5,17,160,9.41,32.0,21,0,7,24,31
D'Wayne EskridgeD. Eskridge,MIA,2,1,30,30.00,15.0,30,0,1,1,17
Travis EtienneT. Etienne,JAX,5,16,91,5.69,18.2,14,0,6,22,106
Mike EvansM. Evans,TB,5,23,276,12.00,55.2,24,5,18,36,64
Gerald EverettG. Everett,CHI,5,5,22,4.40,4.4,17,0,1,7,26
Erik EzukanmaE. Ezukanma,MIA,1,0,0,0.00,0.0,0,0,0,2,0
Noah FantN. Fant,SEA,6,20,198,9.90,33.0,16,0,11,24,89
Luke FarrellL. Farrell,JAX,5,5,31,6.20,6.2,11,0,3,7,12
Simi FehokoS. Fehoko,LAC,4,1,17,17.00,4.2,17,0,1,3,7
Jake FergusonJ. Ferguson,DAL,4,22,229,10.41,57.2,27,0,9,30,116
Justin FieldsJ. Fields,PIT,5,0,0,0.00,0.0,0,0,0,0,0
Zay FlowersZ. Flowers,BAL,5,24,269,11.21,53.8,26,1,13,39,121
Jerome FordJ. Ford,CLE,5,20,87,4.35,17.4,24,0,2,23,139
D'Onta ForemanD. Foreman,CLE,5,3,30,10.00,6.0,16,0,1,3,31
Joe FortsonJ. Fortson,KC,1,1,5,5.00,5.0,5,0,1,1,2
Feleipe FranksF. Franks,CAR,5,0,0,0.00,0.0,0,0,0,1,0
Troy FranklinT. Franklin,DEN,4,5,29,5.80,7.2,20,0,1,12,20
Zach FrazierZ. Frazier,PIT,5,0,-2,0.00,-0.4,-2,0,0,0,-2
Pat FreiermuthP. Freiermuth,PIT,5,20,178,8.90,35.6,29,2,10,23,88
Kenny GainwellK. Gainwell,PHI,4,3,22,7.33,5.5,10,0,1,5,19
Myles GaskinM. Gaskin,MIN,5,1,11,11.00,2.2,11,0,0,1,13
Mike GesickiM. Gesicki,CIN,5,17,178,10.47,35.6,37,0,9,21,65
Jahmyr GibbsJ. Gibbs,DET,4,11,76,6.91,19.0,20t,1,4,13,104
Antonio GibsonA. Gibson,NE,5,8,86,10.75,17.2,50,0,3,9,87
Xavier GipsonX. Gipson,NYJ,5,3,22,7.33,4.4,11,0,1,6,20
Chris GodwinC. Godwin,TB,5,32,386,12.06,77.2,41t,3,25,40,225
Dallas GoedertD. Goedert,PHI,4,24,301,12.54,75.2,61,0,8,28,167
Jared GoffJ. Goff,DET,4,1,7,7.00,1.8,7t,1,1,1,2
Tyler GoodsonT. Goodson,IND,4,4,33,8.25,8.2,24,0,1,4,35
Kylen GransonK. Granson,IND,5,2,49,24.50,9.8,40,0,1,4,31
Eric GrayE. Gray,NYG,5,4,59,14.75,11.8,19,0,3,5,74
Noah GrayN. Gray,KC,5,10,119,11.90,23.8,29,0,6,11,62
Breece HallB. Hall,NYJ,5,21,148,7.05,29.6,26t,1,4,28,131
C.J. HamC. Ham,MIN,5,2,11,5.50,2.2,8,0,0,2,6
Mecole HardmanM. Hardman,KC,5,4,33,8.25,6.6,15,0,2,4,44
Marvin HarrisonM. Harrison,ARI,5,17,279,16.41,55.8,60t,4,14,35,40
Najee HarrisN. Harris,PIT,5,12,119,9.92,23.8,32,0,4,17,126
JaMycal HastyJ. Hasty,NE,5,0,0,0.00,0.0,0,0,0,1,0
Malik HeathM. Heath,GB,4,4,26,6.50,6.5,9,0,1,5,5
Derrick HenryD. Henry,BAL,5,6,49,8.17,9.8,23,1,3,8,58
Hunter HenryH. Henry,NE,5,16,180,11.25,36.0,35,0,11,25,72
Khalil HerbertK. Herbert,CHI,5,2,4,2.00,0.8,2,0,0,2,6
Connor HeywardC. Heyward,PIT,5,3,25,8.33,5.0,16t,1,1,5,5
Elijah HigginsE. Higgins,ARI,5,7,55,7.86,11.0,18t,2,4,8,30
Tee HigginsT. Higgins,CIN,3,18,182,10.11,60.7,17,2,13,30,45
Justice HillJ. Hill,BAL,5,17,169,9.94,33.8,19t,1,8,20,177
Julian HillJ. Hill,MIA,5,3,30,10.00,6.0,13,0,2,5,16
Taysom HillT. Hill,NO,3,2,2,1.00,0.7,1,0,0,3,3
Tyreek HillT. Hill,MIA,5,23,286,12.43,57.2,80t,1,12,40,140
Khadarel HodgeK. Hodge,ATL,5,2,67,33.50,13.4,45t,1,2,2,45
Mack HollinsM. Hollins,BUF,5,6,73,12.17,14.6,21,1,5,17,27
Austin HooperA. Hooper,NE,5,7,77,11.00,15.4,19,1,5,14,66
DeAndre HopkinsD. Hopkins,TEN,4,10,121,12.10,30.2,20,1,6,14,7
Chuba HubbardC. Hubbard,CAR,5,17,82,4.82,16.4,20,1,5,18,104
Tanner HudsonT. Hudson,CIN,1,2,18,9.00,18.0,13,0,0,3,10
Lil'Jordan HumphreyL. Humphrey,DEN,5,12,135,11.25,27.0,27,0,5,17,88
Kareem HuntK. Hunt,KC,2,3,31,10.33,15.5,15,0,2,4,33
Hayden HurstH. Hurst,LAC,4,6,59,9.83,14.8,27,0,1,10,17
Xavier HutchinsonX. Hutchinson,HOU,5,3,34,11.33,6.8,19,0,1,6,22
Jalin HyattJ. Hyatt,NYG,5,0,0,0.00,0.0,0,0,0,3,0
Alec IngoldA. Ingold,MIA,5,3,16,5.33,3.2,6,0,0,4,12
Andrei IosivasA. Iosivas,CIN,5,12,153,12.75,30.6,39,3,10,20,13
Mar'Keise IrvingM. Irving,TB,5,8,46,5.75,9.2,9,0,1,10,68
Trenton IrwinT. Irwin,CIN,2,2,11,5.50,5.5,6,0,1,8,4
Josh JacobsJ. Jacobs,GB,5,8,73,9.13,14.6,21,0,2,11,92
Justin JeffersonJ. Jefferson,MIN,5,26,450,17.31,90.0,97t,4,18,43,134
Van JeffersonV. Jefferson,PIT,5,8,62,7.75,12.4,12,0,2,13,29
Jauan JenningsJ. Jennings,SF,6,25,404,16.16,67.3,45,3,18,36,78
Jerry JeudyJ. Jeudy,CLE,5,19,213,11.21,42.6,30,1,11,33,25
Brandon JohnsonB. Johnson,PIT,1,1,9,9.00,9.0,9,0,0,1,4
D'Ernest JohnsonD. Johnson,JAX,5,2,9,4.50,1.8,9,0,0,4,15
Diontae JohnsonD. Johnson,CAR,5,23,262,11.39,52.4,39,2,14,45,79
Jakob JohnsonJ. Johnson,NYG,5,8,85,10.63,17.0,22,0,4,13,47
Juwan JohnsonJ. Johnson,NO,5,9,70,7.78,14.0,16t,1,3,11,25
Kameron JohnsonK. Johnson,TB,4,0,0,0.00,0.0,0,0,0,1,0
Quentin JohnstonQ. Johnston,LAC,4,11,142,12.91,35.5,29t,3,7,18,63
Roschon JohnsonR. Johnson,CHI,4,4,32,8.00,8.0,11,0,1,5,21
Ty JohnsonT. Johnson,BUF,5,4,61,15.25,12.2,33,1,3,6,7
Tyler JohnsonT. Johnson,LA,5,10,119,11.90,23.8,63,0,3,15,81
Aaron JonesA. Jones,MIN,5,17,167,9.82,33.4,24,1,6,20,165
Charlie JonesC. Jones,CIN,5,1,5,5.00,1.0,5,0,0,1,0
Velus JonesV. Jones,CHI,1,1,8,8.00,8.0,8,0,0,1,13
Brevin JordanB. Jordan,HOU,2,2,7,3.50,3.5,4,0,1,3,3
Kyle JuszczykK. Juszczyk,SF,6,10,87,8.70,14.5,34,0,3,14,28
Alvin KamaraA. Kamara,NO,5,23,214,9.30,42.8,57t,1,7,28,186
Travis KelceT. Kelce,KC,5,24,228,9.50,45.6,38,0,10,31,91
Tom KennedyT. Kennedy,DET,2,0,0,0.00,0.0,0,0,0,1,0
Dalton KincaidD. Kincaid,BUF,5,15,166,11.07,33.2,28,1,7,24,116
Christian KirkC. Kirk,JAX,5,21,257,12.24,51.4,61,1,12,33,62
George KittleG. Kittle,SF,5,28,283,10.11,56.6,29,5,16,35,97
Cole KmetC. Kmet,CHI,5,21,219,10.43,43.8,26,1,12,24,73
Dawson KnoxD. Knox,BUF,5,3,30,10.00,6.0,23,0,1,5,20
Charlie KolarC. Kolar,BAL,5,5,98,19.60,19.6,55,1,3,6,61
Tucker KraftT. Kraft,GB,5,16,218,13.63,43.6,66t,3,8,22,180
Lucas KrullL. Krull,DEN,1,1,5,5.00,5.0,5,0,0,1,4
Cooper KuppC. Kupp,LA,2,18,147,8.17,73.5,24,1,7,27,65
CeeDee LambC. Lamb,DAL,5,25,378,15.12,75.6,65t,2,13,41,175
Sam LaPortaS. LaPorta,DET,4,12,147,12.25,36.8,30,0,8,14,97
Trevor LawrenceT. Lawrence,JAX,5,0,-5,0.00,-1.0,-5,0,0,0,-5
Allen LazardA. Lazard,NYJ,5,20,240,12.00,48.0,36t,4,15,33,99
Xavier LegetteX. Legette,CAR,5,13,151,11.62,30.2,35,1,9,21,51
Isaiah LikelyI. Likely,BAL,5,16,180,11.25,36.0,49t,3,10,21,109
MarShawn LloydM. Lloyd,GB,1,1,3,3.00,3.0,3,0,0,1,8
Tyler LockettT. Lockett,SEA,6,26,339,13.04,56.5,37,1,21,40,76
Drake LondonD. London,ATL,5,32,354,11.06,70.8,31,3,18,44,100
Hunter LongH. Long,LA,5,2,16,8.00,3.2,9,0,0,2,9
Hunter LuepkeH. Luepke,DAL,5,7,91,13.00,18.2,24,0,5,8,69
Patrick MahomesP. Mahomes,KC,5,1,2,2.00,0.4,2,0,0,1,3
Will MalloryW. Mallory,IND,2,1,7,7.00,3.5,7,0,1,1,0
Jordan MasonJ. Mason,SF,6,8,75,9.38,12.5,24,0,5,10,44
Scott MatlockS. Matlock,LAC,4,1,7,7.00,1.8,7,0,0,2,5
Jordan MatthewsJ. Matthews,CAR,2,0,0,0.00,0.0,0,0,0,1,0
Alexander MattisonA. Mattison,LV,5,9,103,11.44,20.6,31t,1,6,13,106
Michael MayerM. Mayer,LV,3,4,21,5.25,7.0,11,0,3,7,8
Trey McBrideT. McBride,ARI,4,20,175,8.75,43.8,22,0,6,30,70
Luke McCaffreyL. McCaffrey,WAS,5,10,98,9.80,19.6,30,0,5,10,51
Ray Ray McCloudR. McCloud,ATL,5,21,229,10.90,45.8,22,0,10,31,87
Ladd McConkeyL. McConkey,LAC,4,15,176,11.73,44.0,37,2,10,24,86
Jaleel McLaughlinJ. McLaughlin,DEN,5,10,11,1.10,2.2,7,1,1,11,60
Terry McLaurinT. McLaurin,WAS,5,23,303,13.17,60.6,66,2,14,36,71
Jalen McMillanJ. McMillan,TB,3,3,59,19.67,19.7,32t,1,3,6,8
Jeremy McNicholsJ. McNichols,WAS,5,1,6,6.00,1.2,6,0,0,1,9
Jerrod MeansJ. Means,NO,4,0,0,0.00,0.0,0,0,0,1,0
Bo MeltonB. Melton,GB,5,2,40,20.00,8.0,28,0,2,5,5
D.K. MetcalfD. Metcalf,SEA,6,31,469,15.13,78.2,71t,2,16,54,184
John MetchieJ. Metchie,HOU,2,1,7,7.00,3.5,7,0,0,1,9
Jakobi MeyersJ. Meyers,LV,5,25,273,10.92,54.6,33,1,15,36,69
Scott MillerS. Miller,PIT,5,2,31,15.50,6.2,20,0,1,2,22
Marvin MimsM. Mims,DEN,5,3,26,8.67,5.2,9,0,0,5,17
Jonathan MingoJ. Mingo,CAR,5,11,120,10.91,24.0,35,0,4,21,63
Adonai MitchellA. Mitchell,IND,5,6,70,11.67,14.0,30,0,3,20,13
Joe MixonJ. Mixon,HOU,2,6,44,7.33,22.0,11,0,2,8,51
David MontgomeryD. Montgomery,DET,4,9,94,10.44,23.5,40,0,2,9,96
Darnell MooneyD. Mooney,ATL,5,24,330,13.75,66.0,41t,3,15,40,112
David MooreD. Moore,CAR,5,3,27,9.00,5.4,14,0,0,7,3
D.J. MooreD. Moore,CHI,5,27,294,10.89,58.8,44,3,13,42,128
Elijah MooreE. Moore,CLE,5,15,92,6.13,18.4,22,0,4,22,42
Skyy MooreS. Moore,KC,5,0,0,0.00,0.0,0,0,0,2,0
Foster MoreauF. Moreau,NO,5,7,58,8.29,11.6,22,2,5,8,12
Wanya MorrisW. Morris,KC,5,1,1,1.00,0.2,1t,1,1,1,0
Zack MossZ. Moss,CIN,5,15,124,8.27,24.8,21,1,7,19,133
Raheem MostertR. Mostert,MIA,2,4,28,7.00,14.0,10,0,2,5,34
John MundtJ. Mundt,MIN,5,9,75,8.33,15.0,20,1,3,13,28
Luke MusgraveL. Musgrave,GB,4,5,22,4.40,5.5,6,0,1,7,15
Malik NabersM. Nabers,NYG,4,35,386,11.03,96.5,39,3,19,52,156
Puka NacuaP. Nacua,LA,1,4,35,8.75,35.0,16,0,1,4,17
Jalen NailorJ. Nailor,MIN,5,8,137,17.13,27.4,31,3,8,11,22
David NjokuD. Njoku,CLE,2,5,58,11.60,29.0,29,0,2,8,42
Rome OdunzeR. Odunze,CHI,5,15,206,13.73,41.2,47,1,10,29,73
Andrew OgletreeA. Ogletree,IND,5,3,32,10.67,6.4,15t,1,1,4,15
Dare OgunbowaleD. Ogunbowale,HOU,5,15,155,10.33,31.0,31,1,7,16,135
Chigoziem OkonkwoC. Okonkwo,TEN,4,8,51,6.38,12.8,17t,1,1,10,29
Chris OlaveC. Olave,NO,5,22,275,12.50,55.0,39,1,16,28,78
Josh OliverJ. Oliver,MIN,5,4,37,9.25,7.4,22,1,2,5,13
K.J. OsbornK. Osborn,NE,4,5,31,6.20,7.8,9,0,1,13,6
Cade OttonC. Otton,TB,5,17,148,8.71,29.6,22,0,8,25,89
Isiah PachecoI. Pacheco,KC,2,7,54,7.71,27.0,23,0,3,8,82
Josh PalmerJ. Palmer,LAC,3,7,70,10.00,23.3,26,0,4,10,17
Trey PalmerT. Palmer,TB,4,4,45,11.25,11.2,19,1,2,6,20
Colby ParkinsonC. Parkinson,LA,5,19,165,8.68,33.0,20,0,8,32,88
Tim PatrickT. Patrick,DET,3,5,72,14.40,24.0,29,0,3,7,40
Cordarrelle PattersonC. Patterson,PIT,4,5,34,6.80,8.5,14,0,2,7,25
Samaje PerineS. Perine,KC,5,6,52,8.67,10.4,15,0,1,9,62
George PickensG. Pickens,PIT,5,23,310,13.48,62.0,40,0,13,36,59
Alec PierceA. Pierce,IND,5,13,368,28.31,73.6,65t,3,10,17,53
Michael PittmanM. Pittman,IND,5,22,238,10.82,47.6,32,1,10,37,80
Kyle PittsK. Pitts,ATL,5,15,193,12.87,38.6,50,1,8,23,79
Ja'Lynn PolkJ. Polk,NE,5,9,74,8.22,14.8,21,1,3,19,3
Tony PollardT. Pollard,TEN,4,13,87,6.69,21.8,22,0,3,16,71
Brandon PowellB. Powell,MIN,5,3,29,9.67,5.8,13,0,2,6,5
Adam PrenticeA. Prentice,NO,5,0,0,0.00,0.0,0,0,0,1,0
James ProcheJ. Proche,CLE,4,1,3,3.00,0.8,3,0,0,1,4
MyCole PruittM. Pruitt,PIT,2,1,9,9.00,4.5,9,0,0,2,1
Dominick PuniD. Puni,SF,6,0,-3,0.00,-0.5,-3,0,0,0,-3
Kalif RaymondK. Raymond,DET,4,4,36,9.00,9.0,18,0,1,5,21
Jayden ReedJ. Reed,GB,5,21,414,19.71,82.8,70t,2,12,28,177
Tip ReimanT. Reiman,ARI,5,1,5,5.00,1.0,5,0,0,1,3
Josh ReynoldsJ. Reynolds,DEN,5,12,183,15.25,36.6,49,1,8,19,35
Patrick RicardP. Ricard,BAL,5,0,0,0.00,0.0,0,0,0,1,0
Rashee RiceR. Rice,KC,4,24,288,12.00,72.0,44t,2,15,29,186
Calvin RidleyC. Ridley,TEN,4,9,141,15.67,35.2,40t,1,5,19,35
Ronnie RiversR. Rivers,LA,5,1,0,0.00,0.0,0,0,0,1,7
Bijan RobinsonB. Robinson,ATL,5,18,151,8.39,30.2,26,0,8,19,207
Brian RobinsonB. Robinson,WAS,5,8,68,8.50,13.6,32,0,1,11,85
Demarcus RobinsonD. Robinson,LA,5,12,189,15.75,37.8,42,1,10,23,20
Wan'Dale RobinsonW. Robinson,NYG,5,32,230,7.19,46.0,20,2,13,47,118
John RossJ. Ross,PHI,1,1,6,6.00,6.0,6,0,1,2,2
Jeremy RuckertJ. Ruckert,NYJ,5,4,25,6.25,5.0,11,0,2,7,23
Drew SampleD. Sample,CIN,5,4,28,7.00,5.6,12,0,1,4,19
Curtis SamuelC. Samuel,BUF,5,9,48,5.33,9.6,10,0,1,13,43
Deebo SamuelD. Samuel,SF,5,20,335,16.75,67.0,76t,1,13,32,154
Ja'Tavion SandersJ. Sanders,CAR,5,8,41,5.13,8.2,11,0,2,11,37
Miles SandersM. Sanders,CAR,5,10,59,5.90,11.8,27,0,1,14,64
Eric SaubertE. Saubert,SF,6,4,67,16.75,11.2,20,0,2,5,34
Luke SchoonmakerL. Schoonmaker,DAL,5,8,56,7.00,11.2,15,0,3,10,28
Dalton SchultzD. Schultz,HOU,5,14,116,8.29,23.2,23,0,6,22,45
Trenton ScottT. Scott,WAS,5,1,1,1.00,0.2,1t,1,1,1,0
Trey SermonT. Sermon,IND,5,7,32,4.57,6.4,8,0,1,7,42
Isaac SeumaloI. Seumalo,PIT,1,0,0,0.00,0.0,0,0,0,0,0
Rashid ShaheedR. Shaheed,NO,5,19,338,17.79,67.6,70t,3,11,34,97
Khalil ShakirK. Shakir,BUF,4,18,230,12.78,57.5,52,2,11,19,141
Laviska ShenaultL. Shenault,SEA,6,4,26,6.50,4.3,18,0,1,4,39
Sterling ShepardS. Shepard,TB,3,4,55,13.75,18.3,30,1,3,7,8
Trent SherfieldT. Sherfield,MIN,5,3,33,11.00,6.6,17,0,1,4,16
Devin SingletaryD. Singletary,NYG,4,10,72,7.20,18.0,23,0,3,11,117
Darius SlaytonD. Slayton,NYG,5,18,244,13.56,48.8,41,1,14,26,29
DeVonta SmithD. Smith,PHI,3,21,239,11.38,79.7,25,1,13,28,77
Jaxon Smith-NjigbaJ. Smith-Njigba,SEA,6,34,310,9.12,51.7,24,1,18,49,146
Jonnu SmithJ. Smith,MIA,5,14,140,10.00,28.0,17,0,7,21,68
JuJu Smith-SchusterJ. Smith-Schuster,KC,5,9,147,16.33,29.4,50,1,5,12,91
Tyler SmithT. Smith,DAL,5,1,0,0.00,0.0,0,0,0,1,6
Xavier SmithX. Smith,LA,3,2,6,3.00,2.0,11,0,1,2,5
Durham SmytheD. Smythe,MIA,5,2,11,5.50,2.2,8,0,0,7,4
Brevyn Spann-FordB. Spann-Ford,DAL,5,2,20,10.00,4.0,13,0,1,4,12
Tyjae SpearsT. Spears,TEN,4,12,76,6.33,19.0,29,0,3,12,96
Amon-Ra St. BrownA. St. Brown,DET,4,27,252,9.33,63.0,20,2,15,38,67
Carson SteeleC. Steele,KC,5,2,2,1.00,0.4,2,0,0,5,11
Rhamondre StevensonR. Stevenson,NE,5,13,37,2.85,7.4,8,0,2,17,72
Jack StollJ. Stoll,PHI,2,1,4,4.00,2.0,4,0,0,2,1
Cade StoverC. Stover,HOU,5,4,51,12.75,10.2,27,0,2,4,33
Brenton StrangeB. Strange,JAX,5,12,120,10.00,24.0,30,2,6,18,33
Pierre StrongP. Strong,CLE,3,3,30,10.00,10.0,20,0,1,6,29
Courtland SuttonC. Sutton,DEN,5,17,224,13.18,44.8,29,1,13,41,34
D'Andre SwiftD. Swift,CHI,5,15,165,11.00,33.0,42,0,5,19,172
J.J. TaylorJ. Taylor,HOU,3,2,0,0.00,0.0,2,0,0,3,1
Jonathan TaylorJ. Taylor,IND,4,6,77,12.83,19.2,25,0,4,10,79
Patrick TaylorP. Taylor,SF,6,1,12,12.00,2.0,12,0,1,1,9
Adam ThielenA. Thielen,CAR,3,8,109,13.63,36.3,32,1,5,12,25
Brian ThomasB. Thomas,JAX,5,22,397,18.05,79.4,85t,3,16,34,149
Tyquan ThorntonT. Thornton,NE,5,2,27,13.50,5.4,17,0,1,5,3
Cedric TillmanC. Tillman,CLE,5,3,9,3.00,1.8,4,0,0,5,7
Mason TiptonM. Tipton,NO,5,5,25,5.00,5.0,6,0,1,9,8
Jalen TolbertJ. Tolbert,DAL,5,20,247,12.35,49.4,48,2,12,29,45
Eric TomlinsonE. Tomlinson,LAC,4,0,0,0.00,0.0,0,0,0,1,0
Tyrone TracyT. Tracy,NYG,5,5,42,8.40,8.4,19,0,1,8,42
Adam TrautmanA. Trautman,DEN,5,2,32,16.00,6.4,19,0,2,3,25
Brycen TremayneB. Tremayne,WAS,1,1,-2,-2.00,-2.0,-2,0,0,1,0
Tommy TrembleT. Tremble,CAR,4,7,59,8.43,14.8,20,0,2,9,27
Sean TuckerS. Tucker,TB,5,1,14,14.00,2.8,14,0,1,1,14
Tre TuckerT. Tucker,LV,5,18,190,10.56,38.0,54,1,8,25,92
D.J. TurnerD. Turner,LV,5,2,21,10.50,4.2,12,0,1,6,18
KaVontae TurpinK. Turpin,DAL,5,9,105,11.67,21.0,34,1,4,13,46
Sione VakiS. Vaki,DET,4,1,17,17.00,4.2,17,0,1,1,2
Marquez Valdes-ScantlingM. Valdes-Scantling,BUF,5,2,26,13.00,5.2,19,0,1,9,6
Nick VannettN. Vannett,TEN,4,4,20,5.00,5.0,8,1,1,4,14
Deuce VaughnD. Vaughn,DAL,4,2,14,7.00,3.5,8,0,0,3,11
Devaughn VeleD. Vele,DEN,1,8,39,4.88,39.0,9,0,1,8,22
Jaylen WaddleJ. Waddle,MIA,5,21,258,12.29,51.6,63,0,11,28,96
Kenneth WalkerK. Walker,SEA,4,21,136,6.48,34.0,17,0,10,24,161
Tylan WallaceT. Wallace,BAL,5,2,31,15.50,6.2,19,0,2,2,13
Jaylen WarrenJ. Warren,PIT,3,5,28,5.60,9.3,12,0,1,5,34
Darnell WashingtonD. Washington,PIT,5,5,46,9.20,9.2,20,1,2,6,28
Malik WashingtonM. Washington,MIA,2,1,8,8.00,4.0,8,0,0,1,3
Parker WashingtonP. Washington,JAX,5,3,21,7.00,4.2,12,0,0,5,5
Christian WatsonC. Watson,GB,4,5,80,16.00,20.0,37,1,3,8,23
Justin WatsonJ. Watson,KC,5,6,87,14.50,17.4,25,0,4,8,23
Blake WhiteheartB. Whiteheart,CLE,4,3,13,4.33,3.2,7,1,1,3,4
Rachaad WhiteR. White,TB,5,17,127,7.47,25.4,32,0,4,19,191
Zamir WhiteZ. White,LV,4,5,16,3.20,4.0,11,0,1,7,30
Jordan WhittingtonJ. Whittington,LA,5,18,201,11.17,40.2,31,0,10,23,126
Josh WhyleJ. Whyle,TEN,4,7,61,8.71,15.2,23,0,5,8,20
Dontayvion WicksD. Wicks,GB,5,10,124,12.40,24.8,36,3,8,29,37
Jared WileyJ. Wiley,KC,5,1,7,7.00,1.4,7,0,0,1,3
Jamaal WilliamsJ. Williams,NO,5,4,21,5.25,4.2,13,0,1,6,27
Javonte WilliamsJ. Williams,DEN,5,17,130,7.65,26.0,26,0,3,20,138
Jameson WilliamsJ. Williams,DET,4,13,289,22.23,72.2,70t,2,8,25,156
Kyren WilliamsK. Williams,LA,5,14,71,5.07,14.2,15t,1,2,15,80
Mike WilliamsM. Williams,NYJ,5,10,145,14.50,29.0,22,0,7,14,19
Cedrick WilsonC. Wilson,NO,5,1,3,3.00,0.6,3,0,0,1,10
Emanuel WilsonE. Wilson,GB,5,5,28,5.60,5.6,30t,1,2,7,50
Garrett WilsonG. Wilson,NYJ,5,33,292,8.85,58.4,26,2,18,57,122
Jeffery WilsonJ. Wilson,MIA,4,2,12,6.00,3.0,6,0,0,2,13
Johnny WilsonJ. Wilson,PHI,4,1,9,9.00,2.2,9,0,1,6,6
Michael WilsonM. Wilson,ARI,5,19,216,11.37,43.2,34,1,10,26,47
Charlie WoernerC. Woerner,ATL,5,1,4,4.00,0.8,4,0,0,2,1
Robert WoodsR. Woods,HOU,5,3,28,9.33,5.6,13,0,1,5,25
Xavier WorthyX. Worthy,KC,5,12,179,14.92,35.8,54t,2,8,21,108
Brock WrightB. Wright,DET,4,7,49,7.00,12.2,11,0,3,8,25
Jaylen WrightJ. Wright,MIA,4,0,0,0.00,0.0,0,0,0,1,0
Dareke YoungD. Young,SEA,5,0,0,0.00,0.0,0,0,0,1,0
Olamide ZaccheausO. Zaccheaus,WAS,5,11,124,11.27,24.8,27,0,8,15,97
